<?xml version="1.0" encoding="UTF-8"?>
<faces-config
    xmlns="http://xmlns.jcp.org/xml/ns/javaee"
    xmlns:xsi="http://www.w3.org/2001/XMLSchema-instance"
    xsi:schemaLocation="http://xmlns.jcp.org/xml/ns/javaee http://xmlns.jcp.org/xml/ns/javaee/web-facesconfig_2_3.xsd"
    version="2.3">
	<application>
    	<el-resolver>
        org.primefaces.application.exceptionhandler.PrimeExceptionHandlerELResolver
    	</el-resolver>
	</application>
	<factory>
    	<exception-handler-factory>
    	org.primefaces.application.exceptionhandler.PrimeExceptionHandlerFactory
    	</exception-handler-factory>
	</factory>
	<navigation-rule>
		<from-view-id>/ErrorPage.xhtml</from-view-id>
		<navigation-case>
		<from-outcome>home</from-outcome>
		<to-view-id>/NoticeOfArrival.xhtml</to-view-id>
		</navigation-case>	
	</navigation-rule>

</faces-config>
